{
    "datas": [
        {
            "spawPoint": {
                "x": 9.920000076293946,
                "y": 0.34415507316589358,
                "z": 0.0
            },
            "Health": 4
        }
    ]
}