{
    "dataList": [
        {
            "spawPoint": {
                "x": 2.8651230335235597,
                "y": 0.27197664976119997,
                "z": 0.0
            }
        }
    ]
}