{
    "dataList": [
        {
            "spawPoint": {
                "x": 6.118287086486816,
                "y": 0.1615343987941742,
                "z": 0.0
            }
        }
    ]
}